[
  {
    "id": "dealer-upSDttZN",
    "name": "Nissan Monterrey",
    "brand": "Nissan",
    "address": "157 Casper Fort",
    "city": "Monterrey",
    "state": "Nuevo León",
    "zipCode": "37762",
    "country": "México",
    "coordinates": {
      "lat": 14.9742,
      "lng": -92.1433
    },
    "phone": "476.952.0023 x285",
    "email": "contacto@nissanmonterrey.com.mx",
    "website": "www.nissanmonterrey.com.mx",
    "whatsapp": "267-736-6414 x752",
    "hours": {
      "monday": "9:00 AM - 7:00 PM",
      "tuesday": "9:00 AM - 7:00 PM",
      "wednesday": "9:00 AM - 7:00 PM",
      "thursday": "9:00 AM - 7:00 PM",
      "friday": "9:00 AM - 7:00 PM",
      "saturday": "9:00 AM - 6:00 PM",
      "sunday": "10:00 AM - 3:00 PM"
    },
    "rating": 3.7245585396297627,
    "reviewCount": 123,
    "certified": false,
    "vehicleCount": 21,
    "createdAt": "2024-09-17T18:19:44.187Z",
    "updatedAt": "2026-01-02T23:31:45.560Z"
  },
  {
    "id": "dealer-yIed9uko",
    "name": "Toyota Ciudad de México",
    "brand": "Toyota",
    "address": "7577 Clare Prairie",
    "city": "Ciudad de México",
    "zipCode": "19295",
    "country": "México",
    "coordinates": {
      "lat": 17.8767,
      "lng": -91.7118
    },
    "phone": "980.865.4898 x224",
    "email": "contacto@toyotaciudad de méxico.com.mx",
    "website": "www.toyotaciudad de méxico.com.mx",
    "whatsapp": "(398) 384-5360 x932",
    "hours": {
      "monday": "9:00 AM - 7:00 PM",
      "tuesday": "9:00 AM - 7:00 PM",
      "wednesday": "9:00 AM - 7:00 PM",
      "thursday": "9:00 AM - 7:00 PM",
      "friday": "9:00 AM - 7:00 PM",
      "saturday": "9:00 AM - 6:00 PM",
      "sunday": "10:00 AM - 3:00 PM"
    },
    "rating": 4.050967948401998,
    "reviewCount": 457,
    "certified": true,
    "vehicleCount": 25,
    "createdAt": "2023-09-04T22:38:34.646Z",
    "updatedAt": "2026-01-02T04:20:59.567Z"
  },
  {
    "id": "dealer-pn2Jp9Z5",
    "name": "Chevrolet Querétaro",
    "brand": "Chevrolet",
    "address": "175 Cleta Forks",
    "city": "Querétaro",
    "state": "Querétaro",
    "zipCode": "23174",
    "country": "México",
    "coordinates": {
      "lat": 25.8513,
      "lng": -94.284
    },
    "phone": "1-413-473-0099 x30953",
    "email": "contacto@chevroletquerétaro.com.mx",
    "website": "www.chevroletquerétaro.com.mx",
    "whatsapp": "442-719-7035",
    "hours": {
      "monday": "9:00 AM - 7:00 PM",
      "tuesday": "9:00 AM - 7:00 PM",
      "wednesday": "9:00 AM - 7:00 PM",
      "thursday": "9:00 AM - 7:00 PM",
      "friday": "9:00 AM - 7:00 PM",
      "saturday": "9:00 AM - 6:00 PM",
      "sunday": "10:00 AM - 3:00 PM"
    },
    "rating": 3.7369476889254094,
    "reviewCount": 55,
    "certified": true,
    "vehicleCount": 69,
    "createdAt": "2025-04-22T14:01:13.912Z",
    "updatedAt": "2026-01-04T03:41:33.183Z"
  },
  {
    "id": "dealer-kXhwaqM3",
    "name": "Honda Morelia",
    "brand": "Honda",
    "address": "6971 Greenville Road",
    "city": "Morelia",
    "state": "Michoacán",
    "zipCode": "67357",
    "country": "México",
    "coordinates": {
      "lat": 15.7045,
      "lng": -90.4461
    },
    "phone": "786.321.9486 x2851",
    "email": "contacto@hondamorelia.com.mx",
    "website": "www.hondamorelia.com.mx",
    "whatsapp": "488.796.9617 x98586",
    "hours": {
      "monday": "9:00 AM - 7:00 PM",
      "tuesday": "9:00 AM - 7:00 PM",
      "wednesday": "9:00 AM - 7:00 PM",
      "thursday": "9:00 AM - 7:00 PM",
      "friday": "9:00 AM - 7:00 PM",
      "saturday": "9:00 AM - 6:00 PM",
      "sunday": "10:00 AM - 3:00 PM"
    },
    "rating": 4.519879041824977,
    "reviewCount": 399,
    "certified": true,
    "vehicleCount": 36,
    "createdAt": "2025-03-01T09:23:49.732Z",
    "updatedAt": "2026-01-01T00:50:50.982Z"
  },
  {
    "id": "dealer-hZq9aXaf",
    "name": "Mazda Mérida",
    "brand": "Mazda",
    "address": "976 Boundary Road",
    "city": "Mérida",
    "state": "Yucatán",
    "zipCode": "16820",
    "country": "México",
    "coordinates": {
      "lat": 22.4724,
      "lng": -96.8795
    },
    "phone": "300.876.6886 x2060",
    "email": "contacto@mazdamérida.com.mx",
    "website": "www.mazdamérida.com.mx",
    "whatsapp": "890.364.4110 x52016",
    "hours": {
      "monday": "9:00 AM - 7:00 PM",
      "tuesday": "9:00 AM - 7:00 PM",
      "wednesday": "9:00 AM - 7:00 PM",
      "thursday": "9:00 AM - 7:00 PM",
      "friday": "9:00 AM - 7:00 PM",
      "saturday": "9:00 AM - 6:00 PM",
      "sunday": "10:00 AM - 3:00 PM"
    },
    "rating": 4.671852727590698,
    "reviewCount": 214,
    "certified": false,
    "vehicleCount": 16,
    "createdAt": "2025-10-01T12:27:36.516Z",
    "updatedAt": "2026-01-04T11:19:13.336Z"
  },
  {
    "id": "dealer-lJVXYUMV",
    "name": "Volkswagen Guadalajara",
    "brand": "Volkswagen",
    "address": "800 Rosenbaum Village",
    "city": "Guadalajara",
    "state": "Jalisco",
    "zipCode": "42960",
    "country": "México",
    "coordinates": {
      "lat": 31.7453,
      "lng": -95.7293
    },
    "phone": "(799) 822-1778 x43100",
    "email": "contacto@volkswagenguadalajara.com.mx",
    "website": "www.volkswagenguadalajara.com.mx",
    "whatsapp": "1-469-750-8374 x4519",
    "hours": {
      "monday": "9:00 AM - 7:00 PM",
      "tuesday": "9:00 AM - 7:00 PM",
      "wednesday": "9:00 AM - 7:00 PM",
      "thursday": "9:00 AM - 7:00 PM",
      "friday": "9:00 AM - 7:00 PM",
      "saturday": "9:00 AM - 6:00 PM",
      "sunday": "10:00 AM - 3:00 PM"
    },
    "rating": 3.9365546939860034,
    "reviewCount": 39,
    "certified": true,
    "vehicleCount": 28,
    "createdAt": "2025-03-06T01:56:50.743Z",
    "updatedAt": "2026-01-01T01:52:51.284Z"
  },
  {
    "id": "dealer-JTpirPri",
    "name": "Ford Querétaro",
    "brand": "Ford",
    "address": "8310 E Central Avenue",
    "city": "Querétaro",
    "state": "Querétaro",
    "zipCode": "20306",
    "country": "México",
    "coordinates": {
      "lat": 27.6073,
      "lng": -116.9813
    },
    "phone": "203.550.5961",
    "email": "contacto@fordquerétaro.com.mx",
    "website": "www.fordquerétaro.com.mx",
    "whatsapp": "(975) 985-8553 x803",
    "hours": {
      "monday": "9:00 AM - 7:00 PM",
      "tuesday": "9:00 AM - 7:00 PM",
      "wednesday": "9:00 AM - 7:00 PM",
      "thursday": "9:00 AM - 7:00 PM",
      "friday": "9:00 AM - 7:00 PM",
      "saturday": "9:00 AM - 6:00 PM",
      "sunday": "10:00 AM - 3:00 PM"
    },
    "rating": 4.264944751874096,
    "reviewCount": 370,
    "certified": true,
    "vehicleCount": 79,
    "createdAt": "2025-07-21T07:53:51.852Z",
    "updatedAt": "2026-01-05T08:03:40.555Z"
  },
  {
    "id": "dealer-zYhNJpjV",
    "name": "Hyundai Querétaro",
    "brand": "Hyundai",
    "address": "915 Wyman Spring",
    "city": "Querétaro",
    "state": "Querétaro",
    "zipCode": "35641",
    "country": "México",
    "coordinates": {
      "lat": 19.9165,
      "lng": -101.4713
    },
    "phone": "1-792-214-2623 x906",
    "email": "contacto@hyundaiquerétaro.com.mx",
    "website": "www.hyundaiquerétaro.com.mx",
    "whatsapp": "451.982.6824 x8621",
    "hours": {
      "monday": "9:00 AM - 7:00 PM",
      "tuesday": "9:00 AM - 7:00 PM",
      "wednesday": "9:00 AM - 7:00 PM",
      "thursday": "9:00 AM - 7:00 PM",
      "friday": "9:00 AM - 7:00 PM",
      "saturday": "9:00 AM - 6:00 PM",
      "sunday": "10:00 AM - 3:00 PM"
    },
    "rating": 4.629513640136774,
    "reviewCount": 202,
    "certified": true,
    "vehicleCount": 59,
    "createdAt": "2023-02-12T18:55:46.060Z",
    "updatedAt": "2025-12-31T08:14:39.702Z"
  },
  {
    "id": "dealer-lJME262b",
    "name": "Kia Aguascalientes",
    "brand": "Kia",
    "address": "25539 Heath Road",
    "city": "Aguascalientes",
    "state": "Aguascalientes",
    "zipCode": "74074",
    "country": "México",
    "coordinates": {
      "lat": 28.5769,
      "lng": -90.486
    },
    "phone": "(851) 720-9628",
    "email": "contacto@kiaaguascalientes.com.mx",
    "website": "www.kiaaguascalientes.com.mx",
    "whatsapp": "1-514-915-4033 x285",
    "hours": {
      "monday": "9:00 AM - 7:00 PM",
      "tuesday": "9:00 AM - 7:00 PM",
      "wednesday": "9:00 AM - 7:00 PM",
      "thursday": "9:00 AM - 7:00 PM",
      "friday": "9:00 AM - 7:00 PM",
      "saturday": "9:00 AM - 6:00 PM",
      "sunday": "10:00 AM - 3:00 PM"
    },
    "rating": 4.7811584138632375,
    "reviewCount": 330,
    "certified": false,
    "vehicleCount": 45,
    "createdAt": "2023-04-12T10:22:54.942Z",
    "updatedAt": "2025-12-31T20:42:10.695Z"
  },
  {
    "id": "dealer-TjEBklED",
    "name": "Suzuki Cancún",
    "brand": "Suzuki",
    "address": "23712 Jenifer Junctions",
    "city": "Cancún",
    "state": "Quintana Roo",
    "zipCode": "82554",
    "country": "México",
    "coordinates": {
      "lat": 17.0788,
      "lng": -101.8783
    },
    "phone": "576.627.7849 x7175",
    "email": "contacto@suzukicancún.com.mx",
    "website": "www.suzukicancún.com.mx",
    "whatsapp": "731-989-5764 x5399",
    "hours": {
      "monday": "9:00 AM - 7:00 PM",
      "tuesday": "9:00 AM - 7:00 PM",
      "wednesday": "9:00 AM - 7:00 PM",
      "thursday": "9:00 AM - 7:00 PM",
      "friday": "9:00 AM - 7:00 PM",
      "saturday": "9:00 AM - 6:00 PM",
      "sunday": "10:00 AM - 3:00 PM"
    },
    "rating": 4.624431635738952,
    "reviewCount": 43,
    "certified": true,
    "vehicleCount": 68,
    "createdAt": "2023-11-27T05:43:33.849Z",
    "updatedAt": "2026-01-04T09:23:51.562Z"
  },
  {
    "id": "dealer-igqEsqVR",
    "name": "SEAT Puebla",
    "brand": "SEAT",
    "address": "360 Kaylah Shoal",
    "city": "Puebla",
    "state": "Puebla",
    "zipCode": "71570",
    "country": "México",
    "coordinates": {
      "lat": 18.8244,
      "lng": -94.2184
    },
    "phone": "998-429-2913 x868",
    "email": "contacto@seatpuebla.com.mx",
    "website": "www.seatpuebla.com.mx",
    "whatsapp": "(597) 733-8563",
    "hours": {
      "monday": "9:00 AM - 7:00 PM",
      "tuesday": "9:00 AM - 7:00 PM",
      "wednesday": "9:00 AM - 7:00 PM",
      "thursday": "9:00 AM - 7:00 PM",
      "friday": "9:00 AM - 7:00 PM",
      "saturday": "9:00 AM - 6:00 PM",
      "sunday": "10:00 AM - 3:00 PM"
    },
    "rating": 4.950163006263731,
    "reviewCount": 347,
    "certified": true,
    "vehicleCount": 37,
    "createdAt": "2023-06-25T23:27:01.737Z",
    "updatedAt": "2025-12-31T05:10:18.910Z"
  },
  {
    "id": "dealer-EahWoj0a",
    "name": "Renault Cancún",
    "brand": "Renault",
    "address": "78531 Cambridge Street",
    "city": "Cancún",
    "state": "Quintana Roo",
    "zipCode": "83203",
    "country": "México",
    "coordinates": {
      "lat": 14.2739,
      "lng": -92.0905
    },
    "phone": "(785) 864-1204 x9238",
    "email": "contacto@renaultcancún.com.mx",
    "website": "www.renaultcancún.com.mx",
    "whatsapp": "1-334-472-1926 x7444",
    "hours": {
      "monday": "9:00 AM - 7:00 PM",
      "tuesday": "9:00 AM - 7:00 PM",
      "wednesday": "9:00 AM - 7:00 PM",
      "thursday": "9:00 AM - 7:00 PM",
      "friday": "9:00 AM - 7:00 PM",
      "saturday": "9:00 AM - 6:00 PM",
      "sunday": "10:00 AM - 3:00 PM"
    },
    "rating": 4.8406812219559265,
    "reviewCount": 362,
    "certified": false,
    "vehicleCount": 31,
    "createdAt": "2024-11-23T00:07:10.868Z",
    "updatedAt": "2026-01-03T07:17:54.451Z"
  },
  {
    "id": "dealer-ie52NPeJ",
    "name": "Peugeot Mérida",
    "brand": "Peugeot",
    "address": "250 Abbott Knolls",
    "city": "Mérida",
    "state": "Yucatán",
    "zipCode": "30837",
    "country": "México",
    "coordinates": {
      "lat": 29.482,
      "lng": -95.561
    },
    "phone": "616.391.3464 x6539",
    "email": "contacto@peugeotmérida.com.mx",
    "website": "www.peugeotmérida.com.mx",
    "whatsapp": "1-450-671-6208 x1852",
    "hours": {
      "monday": "9:00 AM - 7:00 PM",
      "tuesday": "9:00 AM - 7:00 PM",
      "wednesday": "9:00 AM - 7:00 PM",
      "thursday": "9:00 AM - 7:00 PM",
      "friday": "9:00 AM - 7:00 PM",
      "saturday": "9:00 AM - 6:00 PM",
      "sunday": "10:00 AM - 3:00 PM"
    },
    "rating": 3.90440321256078,
    "reviewCount": 332,
    "certified": true,
    "vehicleCount": 30,
    "createdAt": "2025-06-17T05:37:46.487Z",
    "updatedAt": "2026-01-06T06:22:29.009Z"
  },
  {
    "id": "dealer-AFGEp3C3",
    "name": "BMW Ciudad de México",
    "brand": "BMW",
    "address": "94377 Hawthorn Close",
    "city": "Ciudad de México",
    "zipCode": "69998",
    "country": "México",
    "coordinates": {
      "lat": 14.5306,
      "lng": -111.2003
    },
    "phone": "1-696-791-6060",
    "email": "contacto@bmwciudad de méxico.com.mx",
    "website": "www.bmwciudad de méxico.com.mx",
    "whatsapp": "925.741.5362 x8881",
    "hours": {
      "monday": "9:00 AM - 7:00 PM",
      "tuesday": "9:00 AM - 7:00 PM",
      "wednesday": "9:00 AM - 7:00 PM",
      "thursday": "9:00 AM - 7:00 PM",
      "friday": "9:00 AM - 7:00 PM",
      "saturday": "9:00 AM - 6:00 PM",
      "sunday": "10:00 AM - 3:00 PM"
    },
    "rating": 3.918444975828889,
    "reviewCount": 304,
    "certified": true,
    "vehicleCount": 31,
    "createdAt": "2023-02-05T00:56:22.361Z",
    "updatedAt": "2025-12-31T00:59:21.101Z"
  },
  {
    "id": "dealer-pWgWoHbD",
    "name": "Mercedes-Benz Tijuana",
    "brand": "Mercedes-Benz",
    "address": "7891 Francesco Loaf",
    "city": "Tijuana",
    "state": "Baja California",
    "zipCode": "20112",
    "country": "México",
    "coordinates": {
      "lat": 16.6097,
      "lng": -117.6036
    },
    "phone": "395.404.3355 x434",
    "email": "contacto@mercedes-benztijuana.com.mx",
    "website": "www.mercedes-benztijuana.com.mx",
    "whatsapp": "692.234.2081",
    "hours": {
      "monday": "9:00 AM - 7:00 PM",
      "tuesday": "9:00 AM - 7:00 PM",
      "wednesday": "9:00 AM - 7:00 PM",
      "thursday": "9:00 AM - 7:00 PM",
      "friday": "9:00 AM - 7:00 PM",
      "saturday": "9:00 AM - 6:00 PM",
      "sunday": "10:00 AM - 3:00 PM"
    },
    "rating": 4.798301146376045,
    "reviewCount": 143,
    "certified": false,
    "vehicleCount": 48,
    "createdAt": "2025-05-15T00:55:25.650Z",
    "updatedAt": "2026-01-04T11:37:52.154Z"
  }
]